"Player","Year","Tot Routes","Target%","Rec Rate","Catch%","Drop%"
"Tee Higgins","2024","306","25.5%","17.3%","67.9%","5.1%"
"Chris Godwin*","2024","232","29.3%","22.8%","77.9%","0.0%"
"Davante Adams","2024","261","31.8%","20.7%","65.1%","4.8%"
"Deebo Samuel","2024","247","20.6%","13.0%","62.7%","9.8%"
"Amari Cooper","2024","164","29.9%","15.9%","53.1%","10.2%"
"DK Metcalf","2024","284","26.1%","14.8%","56.8%","2.7%"
"Marquise Brown*","2024","114","25.4%","13.2%","51.7%","3.4%"
"DeAndre Hopkins","2024","205","23.4%","17.6%","75.0%","2.1%"
"Cooper Kupp","2024","236","29.7%","18.2%","61.4%","2.9%"
"Stefon Diggs","2024","265","25.7%","18.5%","72.1%","2.9%"
"Rome Odunze","2024","309","20.7%","11.7%","56.3%","3.1%"
"Marvin Harrison Jr.","2024","266","26.3%","14.3%","54.3%","4.3%"
"Brian Thomas Jr.","2024","246","28.9%","20.7%","71.8%","1.4%"
"Malik Nabers","2024","264","41.7%","24.2%","58.2%","6.4%"
"Ladd McConkey","2024","231","27.7%","19.5%","70.3%","1.6%"
"Ricky Pearsall","2024","232","20.3%","13.8%","68.1%","2.1%"
"Xavier Worthy","2024","244","24.2%","17.2%","71.2%","5.1%"
"Xavier Legette","2024","243","21.4%","11.5%","53.8%","13.5%"
"Keon Coleman","2024","203","26.6%","11.8%","44.4%","7.4%"
"Adonai Mitchell","2024","146","24.0%","9.6%","40.0%","5.7%"
"Jalen Coker","2024","246","18.7%","13.0%","69.6%","2.2%"
"Ja'Lynn Polk","2024","173","16.2%","4.0%","25.0%","10.7%"
"Jalen McMillan","2024","236","20.3%","12.7%","62.5%","4.2%"
"Puka Nacua","2024","236","39.8%","28.8%","72.3%","4.3%"
"Rashee Rice*","2024","90","37.8%","30.0%","79.4%","2.9%"
"Jaxon Smith-Njigba","2024","306","28.4%","19.9%","70.1%","3.4%"
"Jordan Addison","2024","288","20.5%","12.8%","62.7%","1.7%"
"Jayden Reed","2024","223","21.1%","13.9%","66.0%","12.8%"
"Josh Downs","2024","239","31.8%","21.3%","67.1%","2.6%"
"Cedric Tillman","2024","238","21.8%","12.6%","57.7%","1.9%"
"Zay Flowers","2024","221","28.5%","18.6%","65.1%","6.3%"
"Dontayvion Wicks","2024","161","32.3%","15.5%","48.1%","15.4%"
"Marvin Mims","2024","123","29.3%","22.8%","77.8%","2.8%"
"Quentin Johnston","2024","232","25.4%","13.8%","54.2%","11.9%"
"Jameson Williams","2024","218","21.6%","13.8%","63.8%","6.4%"
"George Pickens","2024","244","28.3%","16.8%","59.4%","7.2%"
"Garrett Wilson","2024","307","30.0%","18.2%","60.9%","1.1%"
"Chris Olave","2024","187","26.7%","20.3%","76.0%","2.0%"
"Khalil Shakir","2024","212","31.6%","21.7%","68.7%","3.0%"
"Drake London","2024","263","33.1%","19.4%","58.6%","5.7%"
"Tyreek Hill","2024","241","27.8%","18.7%","67.2%","1.5%"
"Nico Collins","2024","284","25.4%","17.3%","68.1%","2.8%"
"D.J. Moore","2024","295","26.8%","17.6%","65.8%","3.8%"
"Terry McLaurin","2024","229","21.0%","13.1%","62.5%","4.2%"
"Calvin Ridley","2024","253","24.9%","14.2%","57.1%","7.9%"
"Jauan Jennings","2024","252","27.8%","19.8%","71.4%","2.9%"
"Jerry Jeudy","2024","335","25.4%","15.5%","61.2%","7.1%"
"Courtland Sutton","2024","238","26.9%","16.4%","60.9%","6.3%"
"Jaylen Waddle","2024","228","21.1%","13.6%","64.6%","4.2%"
"DeVonta Smith","2024","245","25.7%","20.8%","81.0%","3.2%"
"Amon-Ra St. Brown","2024","272","31.3%","25.7%","82.4%","2.4%"
"A.J. Brown","2024","210","27.1%","19.0%","70.2%","1.8%"
"Josh Palmer","2024","241","19.5%","10.4%","53.2%","8.5%"
"Mike Evans","2024","233","36.1%","24.9%","69.0%","4.8%"
"Justin Jefferson","2024","277","27.4%","20.2%","73.7%","0.0%"
"CeeDee Lamb","2024","256","37.9%","27.0%","71.1%","2.1%"
"Ja'Marr Chase","2024","349","26.6%","19.2%","72.0%","4.3%"
"Rashod Bateman","2024","180","23.3%","16.7%","71.4%","2.4%"
"Tee Higgins","2023","280","21.8%","11.1%","50.8%","8.2%"
"Mike Evans","2023","254","25.6%","15.0%","58.5%","4.6%"
"Calvin Ridley","2023","286","23.8%","12.9%","54.4%","7.4%"
"Marquise Brown","2023","290","22.1%","10.7%","48.4%","6.3%"
"Michael Pittman","2023","290","31.0%","20.3%","65.6%","5.6%"
"Gabe Davis","2023","267","13.9%","7.9%","56.8%","8.1%"
"Jerry Jeudy","2023","233","22.3%","13.7%","61.5%","5.8%"
"Keenan Allen","2023","311","30.5%","20.9%","68.4%","5.3%"
"Drake London","2023","252","24.2%","15.9%","65.6%","3.3%"
"Curtis Samuel","2023","259","22.8%","14.3%","62.7%","5.1%"
"Diontae Johnson","2023","246","25.6%","15.4%","60.3%","6.3%"
"Stefon Diggs","2023","233","34.3%","20.6%","60.0%","3.8%"
"Jaxon Smith-Njigba","2023","226","26.5%","16.8%","63.3%","8.3%"
"Zay Flowers","2023","286","21.0%","14.3%","68.3%","8.3%"
"Puka Nacua","2023","287","33.1%","23.3%","70.5%","5.3%"
"Jayden Reed","2023","185","29.7%","18.9%","63.6%","3.6%"
"Jordan Addison","2023","284","22.5%","12.7%","56.3%","3.1%"
"Tank Dell","2023","266","26.3%","16.2%","61.4%","7.1%"
"Quentin Johnston","2023","256","14.1%","7.0%","50.0%","11.1%"
"Josh Downs","2023","240","25.0%","18.8%","75.0%","1.7%"
"Dontayvion Wicks","2023","175","23.4%","14.9%","63.4%","4.9%"
"Nico Collins","2023","242","30.6%","22.7%","74.3%","4.1%"
"Jahan Dotson","2023","293","15.7%","9.6%","60.9%","8.7%"
"Jameson Williams","2023","191","14.7%","10.5%","71.4%","0.0%"
"George Pickens","2023","239","25.1%","14.6%","58.3%","1.7%"
"Chris Olave","2023","269","29.0%","18.6%","64.1%","3.8%"
"Garrett Wilson","2023","312","27.2%","14.4%","52.9%","7.1%"
"Christian Watson","2023","231","21.2%","11.3%","53.1%","2.0%"
"Ja'Marr Chase","2023","312","26.0%","18.9%","72.8%","3.7%"
"Amon-Ra St. Brown","2023","246","32.1%","21.5%","67.1%","3.8%"
"DeVonta Smith","2023","263","24.3%","16.7%","68.8%","4.7%"
"Rashee Rice","2023","214","27.1%","20.1%","74.1%","8.6%"
"Jaylen Waddle","2023","226","29.2%","19.5%","66.7%","6.1%"
"Michael Wilson","2023","259","17.0%","11.2%","65.9%","0.0%"
"Demario Douglas","2023","229","24.9%","15.7%","63.2%","1.8%"
"Rashid Shaheed","2023","233","18.9%","12.4%","65.9%","4.5%"
"Brandon Aiyuk","2023","239","23.4%","18.0%","76.8%","1.8%"
"Cooper Kupp","2023","273","24.9%","16.1%","64.7%","4.4%"
"A.J. Brown","2023","280","32.1%","18.6%","57.8%","4.4%"
"CeeDee Lamb","2023","297","32.7%","24.9%","76.3%","4.1%"
"Justin Jefferson","2023","330","28.2%","19.7%","69.9%","2.2%"
"Davante Adams","2023","270","34.8%","20.0%","57.4%","8.5%"
"Tyreek Hill","2023","239","39.7%","25.9%","65.3%","7.4%"
"Rashod Bateman","2023","174","17.2%","9.8%","56.7%","6.7%"
"Isaiah Hodgins*","2022","210","20.5%","16.2%","79.1%","0.0%"
"Jakobi Meyers","2022","246","25.2%","17.5%","69.4%","3.2%"
"Mike Evans","2022","350","24.9%","12.9%","51.7%","5.7%"
"JuJu Smith-Schuster","2022","226","21.7%","18.1%","83.7%","0.0%"
"D.J. Chark","2022","247","16.6%","10.1%","61.0%","9.8%"
"DeAndre Hopkins","2022","305","29.5%","21.0%","71.1%","4.4%"
"Michael Thomas*","2022","103","22.3%","15.5%","69.6%","4.3%"
"Allen Lazard","2022","217","24.0%","13.4%","55.8%","5.8%"
"Parris Campbell","2022","264","20.1%","12.5%","62.3%","7.5%"
"Chris Olave","2022","269","27.9%","16.7%","60.0%","2.7%"
"D.J. Moore","2022","234","27.4%","14.1%","51.6%","0.0%"
"Garrett Wilson","2022","292","31.5%","18.8%","59.8%","4.3%"
"Elijah Moore","2022","316","16.5%","9.2%","55.8%","0.0%"
"Brandin Cooks","2022","256","20.7%","14.1%","67.9%","3.8%"
"Christian Watson","2022","173","24.9%","16.8%","67.4%","11.6%"
"George Pickens","2022","272","16.9%","11.4%","67.4%","4.3%"
"Drake London","2022","208","29.3%","19.7%","67.2%","3.3%"
"Treylon Burks","2022","179","25.1%","14.5%","57.8%","6.7%"
"Jahan Dotson","2022","274","18.2%","10.2%","56.0%","10.0%"
"Alec Pierce","2022","212","22.6%","14.2%","62.5%","10.4%"
"Skyy Moore","2022","130","27.7%","15.4%","55.6%","2.8%"
"Wan'Dale Robinson*","2022","135","25.2%","17.8%","70.6%","5.9%"
"Romeo Doubs","2022","194","23.2%","12.9%","55.6%","15.6%"
"Brandon Aiyuk","2022","219","25.1%","16.4%","65.5%","7.3%"
"Ja'Marr Chase","2022","318","27.7%","17.6%","63.6%","5.7%"
"Michael Pittman","2022","314","25.5%","17.5%","68.8%","2.5%"
"Amon-Ra St. Brown","2022","264","34.1%","26.5%","77.8%","4.4%"
"Jerry Jeudy","2022","280","22.9%","16.4%","71.9%","6.3%"
"Jaylen Waddle","2022","264","25.4%","15.2%","59.7%","7.5%"
"DeVonta Smith","2022","275","24.4%","17.1%","70.1%","3.0%"
"Justin Jefferson","2022","332","28.6%","18.4%","64.2%","2.1%"
"CeeDee Lamb","2022","268","29.9%","23.5%","78.8%","3.8%"
"Tee Higgins","2022","322","21.7%","13.7%","62.9%","5.7%"
"Kadarius Toney","2022","76","35.5%","26.3%","74.1%","3.7%"
"Nico Collins","2022","227","23.8%","13.2%","55.6%","1.9%"
"Gabe Davis","2022","287","20.6%","10.5%","50.8%","5.1%"
"Deebo Samuel","2022","228","28.9%","18.0%","62.1%","7.6%"
"Stefon Diggs","2022","284","29.6%","19.4%","65.5%","1.2%"
"Diontae Johnson","2022","281","25.6%","17.8%","69.4%","5.6%"
"DK Metcalf","2022","265","29.8%","17.7%","59.5%","10.1%"
"Terry McLaurin","2022","273","23.4%","14.7%","62.5%","3.1%"
"A.J. Brown","2022","241","30.3%","17.8%","58.9%","8.2%"
"Davante Adams","2022","283","35.3%","18.4%","52.0%","5.0%"
"Keenan Allen","2022","299","28.8%","20.1%","69.8%","1.2%"
"Amari Cooper","2022","216","28.2%","18.1%","63.9%","8.2%"
"Tyler Lockett","2022","276","24.6%","17.4%","70.6%","2.9%"
"Cooper Kupp","2022","290","33.1%","24.8%","75.0%","2.1%"
"Tyreek Hill","2022","252","37.3%","27.4%","73.4%","3.2%"
"Marquise Brown","2022","308","22.7%","14.9%","65.7%","2.9%"
"Christian Kirk","2022","263","22.8%","19.0%","83.3%","8.3%"
"Mike Williams","2022","311","20.6%","13.2%","64.1%","1.6%"
"Chris Godwin","2022","368","24.7%","16.6%","67.0%","3.3%"
"Davante Adams","2021","255","35.7%","23.9%","67.0%","2.2%"
"Odell Beckham","2021","249","24.1%","14.1%","58.3%","5.0%"
"Allen Robinson","2021","220","23.6%","13.6%","57.7%","3.8%"
"Amari Cooper","2021","289","22.8%","14.9%","65.2%","6.1%"
"D.J. Chark*","2021","103","24.3%","6.8%","28.0%","4.0%"
"JuJu Smith-Schuster*","2021","137","20.4%","10.9%","53.6%","3.6%"
"Russell Gage","2021","234","29.1%","21.4%","73.5%","4.4%"
"Jarvis Landry","2021","237","27.4%","16.5%","60.0%","1.5%"
"Christian Kirk","2021","269","19.7%","15.2%","77.4%","0.0%"
"Marquez Valdes-Scantling","2021","217","23.0%","10.6%","46.0%","0.0%"
"Ja'Marr Chase","2021","281","28.5%","17.1%","60.0%","8.8%"
"Jaylen Waddle","2021","270","30.7%","22.6%","73.5%","0.0%"
"Amon-Ra St. Brown","2021","221","31.2%","24.4%","78.3%","2.9%"
"DeVonta Smith","2021","216","25.9%","15.3%","58.9%","5.4%"
"Elijah Moore","2021","241","27.0%","15.4%","56.9%","4.6%"
"Rashod Bateman","2021","285","18.9%","12.6%","66.7%","1.9%"
"Joshua Palmer","2021","196","18.9%","11.7%","62.2%","5.4%"
"Nico Collins","2021","223","20.6%","12.1%","58.7%","2.2%"
"Kadarius Toney","2021","183","30.1%","20.2%","67.3%","5.5%"
"Rondale Moore","2021","154","27.9%","22.7%","81.4%","4.7%"
"Terrace Marshall","2021","214","11.2%","7.0%","62.5%","4.2%"
"A.J. Brown","2021","230","30.9%","21.3%","69.0%","2.8%"
"Hunter Renfrow","2021","249","26.5%","22.1%","83.3%","1.5%"
"Darnell Mooney","2021","278","26.3%","12.9%","49.3%","4.1%"
"Michael Pittman","2021","273","25.6%","17.6%","68.6%","5.7%"
"Gabriel Davis","2021","235","23.0%","14.0%","61.1%","5.6%"
"Jerry Jeudy","2021","212","24.1%","16.0%","66.7%","9.8%"
"Marquise Brown","2021","310","27.1%","17.4%","64.3%","3.6%"
"CeeDee Lamb","2021","287","20.6%","13.6%","66.1%","5.1%"
"Deebo Samuel","2021","234","30.3%","20.5%","67.6%","8.5%"
"Justin Jefferson","2021","253","27.7%","19.0%","68.6%","10.0%"
"Tee Higgins","2021","290","23.1%","15.9%","68.7%","7.5%"
"Terry McLaurin","2021","299","25.4%","14.0%","55.3%","6.6%"
"DK Metcalf","2021","224","24.6%","12.9%","52.7%","5.5%"
"Brandon Aiyuk","2021","224","21.0%","13.8%","66.0%","4.3%"
"Diontae Johnson","2021","284","30.6%","20.4%","66.7%","3.4%"
"Chase Claypool","2021","267","25.8%","15.7%","60.9%","2.9%"
"Van Jefferson","2021","283","19.1%","8.1%","42.6%","13.0%"
"Mike Williams","2021","271","24.0%","14.4%","60.0%","6.2%"
"Chris Godwin","2021","316","27.2%","19.9%","73.3%","3.5%"
"Robert Woods","2021","276","25.4%","15.9%","62.9%","10.0%"
"DeAndre Hopkins","2021","254","22.8%","14.2%","62.1%","3.4%"
"Cooper Kupp","2021","272","36.0%","28.3%","78.6%","4.1%"
"Tyreek Hill","2021","267","29.6%","20.2%","68.4%","5.1%"
"Stefon Diggs","2021","269","29.4%","18.2%","62.0%","3.8%"
"Tyler Lockett","2021","238","26.5%","18.1%","68.3%","1.6%"
"D.J. Moore","2021","278","29.5%","16.2%","54.9%","4.9%"
"Keenan Allen","2021","304","28.3%","18.1%","64.0%","8.1%"
"Brandin Cooks","2021","241","28.2%","19.5%","69.1%","1.5%"
"Mike Evans","2021","297","18.2%","12.5%","68.5%","3.7%"
"Allen Lazard","2021","212","16.5%","11.8%","71.4%","5.7%"
"Kenny Golladay","2021","252","20.2%","9.5%","47.1%","2.0%"
"Tim Patrick","2021","222","21.6%","14.4%","66.7%","6.3%"
"Tyler Boyd","2021","263","26.2%","16.3%","62.3%","1.4%"
"Courtland Sutton","2021","298","23.2%","13.4%","58.0%","1.4%"
"Jakobi Meyers","2021","265","27.2%","18.9%","69.4%","2.8%"
"Julio Jones","2021","199","22.1%","16.1%","72.7%","4.5%"
"Calvin Ridley*","2021","200","28.5%","16.5%","57.9%","7.0%"
"Justin Jefferson","2020","283","23.7%","17.0%","71.6%","1.5%"
"CeeDee Lamb","2020","281","20.6%","13.9%","67.2%","3.4%"
"Allen Robinson","2020","311","28.6%","19.9%","69.7%","2.2%"
"Chris Godwin","2020","292","20.5%","17.1%","83.3%","1.7%"
"Will Fuller","2020","275","23.6%","16.7%","70.8%","0.0%"
"Kenny Golladay*","2020","136","26.5%","14.7%","55.6%","11.1%"
"Antonio Brown","2020","243","25.5%","18.5%","72.6%","3.2%"
"Curtis Samuel","2020","264","25.0%","16.7%","66.7%","6.1%"
"Corey Davis","2020","223","28.3%","19.3%","68.3%","9.5%"
"JuJu Smith-Schuster","2020","319","23.2%","16.9%","73.0%","2.7%"
"Nelson Agholor","2020","224","24.6%","13.8%","56.4%","9.1%"
"T.Y. Hilton","2020","265","25.3%","14.0%","55.2%","9.0%"
"Rashard Higgins","2020","213","21.6%","14.1%","65.2%","6.5%"
"Marvin Jones","2020","276","23.9%","17.4%","72.7%","1.5%"
"Denzel Mims","2020","230","20.0%","9.6%","47.8%","0.0%"
"Henry Ruggs","2020","200","15.0%","7.0%","46.7%","6.7%"
"Tee Higgins","2020","283","25.4%","15.5%","61.1%","6.9%"
"Brandon Aiyuk","2020","286","24.8%","15.4%","62.0%","2.8%"
"Michael Pittman","2020","211","19.0%","12.8%","67.5%","0.0%"
"Jalen Reagor","2020","251","15.9%","9.2%","57.5%","5.0%"
"Jerry Jeudy","2020","285","23.9%","10.5%","44.1%","10.3%"
"LaViska Shenault","2020","263","23.2%","15.2%","65.6%","4.9%"
"Chase Claypool","2020","209","32.1%","16.3%","50.7%","6.0%"
"Darnell Mooney","2020","266","18.4%","13.2%","71.4%","2.0%"
"Gabriel Davis","2020","245","17.6%","9.4%","53.5%","7.0%"
"Julio Jones","2020","280","24.3%","17.5%","72.1%","4.4%"
"Diontae Johnson","2020","349","29.8%","18.3%","61.5%","10.6%"
"A.J. Brown","2020","211","31.3%","20.9%","66.7%","10.6%"
"Calvin Ridley","2020","307","28.0%","16.9%","60.5%","7.0%"
"Marquise Brown","2020","211","28.4%","16.1%","56.7%","6.7%"
"D.J. Moore","2020","275","22.5%","12.7%","56.5%","11.3%"
"DK Metcalf","2020","288","25.3%","16.3%","64.4%","11.0%"
"D.J. Chark","2020","274","23.4%","14.2%","60.9%","4.7%"
"Terry McLaurin","2020","272","26.5%","16.9%","63.9%","5.6%"
"Deebo Samuel*","2020","177","24.9%","18.6%","75.0%","6.8%"
"Michael Gallup","2020","307","16.6%","10.1%","60.8%","5.9%"
"Odell Beckham*","2020","182","26.9%","14.3%","53.1%","4.1%"
"Michael Thomas","2020","229","27.1%","19.7%","72.6%","1.6%"
"Mike Williams","2020","283","20.8%","12.0%","57.6%","3.4%"
"Robby Anderson","2020","277","28.2%","19.1%","67.9%","3.8%"
"Davante Adams","2020","254","40.6%","30.7%","75.7%","2.9%"
"Tyreek Hill","2020","302","25.5%","15.6%","61.0%","6.5%"
"Stefon Diggs","2020","271","32.8%","23.6%","71.9%","4.5%"
"DeAndre Hopkins","2020","291","30.6%","22.7%","74.2%","2.2%"
"Adam Thielen","2020","249","25.7%","16.9%","65.6%","3.1%"
"Tyler Lockett","2020","330","26.4%","19.4%","73.6%","3.4%"
"Mike Evans","2020","276","25.4%","16.7%","65.7%","10.0%"
"Keenan Allen","2020","314","35.7%","22.9%","64.3%","5.4%"
"Robert Woods","2020","277","30.7%","22.4%","72.9%","2.4%"
"Amari Cooper","2020","275","25.5%","17.5%","68.6%","2.9%"
"Cooper Kupp","2020","245","27.3%","20.8%","76.1%","1.5%"
"Jakobi Meyers","2020","193","33.2%","20.7%","62.5%","4.7%"
"A.J. Brown","2019","187","28.3%","18.2%","64.2%","7.5%"
"Adam Thielen","2019","216","23.1%","13.9%","60.0%","0.0%"
"Allen Robinson","2019","282","27.0%","17.0%","63.2%","2.6%"
"Alshon Jeffery","2019","265","27.9%","16.2%","58.1%","6.8%"
"Amari Cooper","2019","261","25.3%","17.2%","68.2%","7.6%"
"Anthony Miller","2019","296","24.3%","15.9%","65.3%","2.8%"
"Brandin Cooks","2019","256","19.1%","10.9%","57.1%","6.1%"
"Calvin Ridley","2019","347","20.2%","12.7%","62.9%","1.4%"
"Chris Godwin","2019","301","23.9%","18.3%","76.4%","1.4%"
"Cooper Kupp","2019","269","28.3%","17.8%","63.2%","5.3%"
"Courtland Sutton","2019","263","26.2%","14.1%","53.6%","4.3%"
"Curtis Samuel","2019","298","20.1%","9.1%","45.0%","6.7%"
"D.J. Chark","2019","317","23.7%","13.9%","58.7%","4.0%"
"D.J. Moore","2019","332","24.1%","15.1%","62.5%","2.5%"
"DK Metcalf","2019","273","21.6%","12.5%","57.6%","5.1%"
"Darius Slayton","2019","268","21.3%","11.9%","56.1%","1.8%"
"Davante Adams","2019","273","33.3%","21.6%","64.8%","6.6%"
"DeAndre Hopkins","2019","306","26.5%","17.0%","64.2%","2.5%"
"Deebo Samuel","2019","250","19.6%","14.0%","71.4%","8.2%"
"DeVante Parker","2019","338","21.6%","13.6%","63.0%","5.5%"
"Diontae Johnson","2019","237","24.5%","17.3%","70.7%","3.4%"
"Emmanuel Sanders","2019","227","24.2%","15.9%","65.5%","0.0%"
"Golden Tate","2019","286","24.5%","14.0%","57.1%","2.9%"
"Hunter Renfrow","2019","206","26.7%","18.0%","67.3%","1.8%"
"Jamison Crowder","2019","271","26.2%","17.0%","64.8%","0.0%"
"Jarvis Landry","2019","265","26.8%","17.4%","64.8%","0.0%"
"John Brown","2019","260","24.6%","16.9%","68.8%","0.0%"
"JuJu Smith-Schuster","2019","262","19.1%","10.3%","54.0%","0.0%"
"Julian Edelman","2019","266","29.7%","18.8%","63.3%","7.6%"
"Julio Jones","2019","326","28.8%","16.3%","56.4%","4.3%"
"Keenan Allen","2019","322","28.9%","19.6%","67.7%","2.2%"
"Kenny Golladay","2019","269","24.5%","13.4%","54.5%","3.0%"
"Marquise Brown","2019","214","22.9%","14.5%","63.3%","6.1%"
"Marvin Jones","2019","265","22.3%","16.2%","72.9%","3.4%"
"Michael Gallup","2019","300","21.7%","12.7%","58.5%","7.7%"
"Michael Thomas","2019","287","32.1%","26.1%","81.5%","0.0%"
"Mike Evans","2019","291","27.1%","15.5%","57.0%","3.8%"
"Mike Williams","2019","230","20.4%","10.9%","53.2%","8.5%"
"Odell Beckham","2019","279","26.5%","14.0%","52.7%","6.8%"
"Preston Williams","2019","246","26.8%","12.6%","47.0%","7.6%"
"Robert Woods","2019","309","24.9%","16.2%","64.9%","0.0%"
"Sammy Watkins","2019","260","20.0%","11.9%","59.6%","5.8%"
"Stefon Diggs","2019","253","25.7%","15.8%","61.5%","4.6%"
"Sterling Shepard","2019","303","23.1%","15.5%","67.1%","1.4%"
"T.Y. Hilton","2019","236","24.6%","16.5%","67.2%","3.4%"
"Terry McLaurin","2019","247","22.3%","13.0%","58.2%","1.8%"
"Tyler Boyd","2019","283","24.4%","15.2%","62.3%","7.2%"
"Tyler Lockett","2019","312","24.0%","15.7%","65.3%","0.0%"
"Tyreek Hill","2019","279","26.9%","17.2%","64.0%","1.3%"
"Will Fuller","2019","265","23.4%","16.2%","69.4%","6.5%"
"A.J. Green","2018","260","31.9%","18.5%","57.8%","6.0%"
"Adam Thielen","2018","331","23.9%","16.9%","70.9%","3.8%"
"Albert Wilson*","2018","122","34.4%","25.4%","73.8%","2.4%"
"Allen Robinson","2018","269","23.4%","12.6%","54.0%","1.6%"
"Alshon Jeffery","2018","274","22.3%","11.7%","52.5%","4.9%"
"Amari Cooper","2018","305","21.3%","16.1%","75.4%","1.5%"
"Anthony Miller","2018","218","17.0%","8.7%","51.4%","8.1%"
"Antonio Brown","2018","364","29.1%","18.1%","62.3%","0.0%"
"Brandin Cooks","2018","284","22.9%","15.8%","69.2%","1.5%"
"Calvin Ridley","2018","241","19.9%","13.7%","68.8%","12.5%"
"Chris Godwin","2018","254","22.8%","13.4%","58.6%","6.9%"
"Christian Kirk","2018","212","23.1%","15.1%","65.3%","8.2%"
"Cooper Kupp","2018","226","26.1%","18.1%","69.5%","1.7%"
"Corey Davis","2018","259","24.3%","13.1%","54.0%","6.3%"
"Courtland Sutton","2018","268","19.4%","9.7%","50.0%","9.6%"
"Curtis Samuel","2018","244","22.1%","12.3%","55.6%","5.6%"
"D.J. Moore","2018","293","19.8%","12.6%","63.8%","3.4%"
"Dante Pettis","2018","249","17.7%","9.6%","54.5%","6.8%"
"Davante Adams","2018","334","27.8%","18.0%","64.5%","4.3%"
"DeAndre Hopkins","2018","319","31.0%","21.3%","68.7%","0.0%"
"Dede Westbrook","2018","295","20.7%","12.5%","60.7%","8.2%"
"DeSean Jackson","2018","260","25.0%","13.1%","52.3%","1.5%"
"Geronimo Allison*","2018","152","19.7%","13.2%","66.7%","6.7%"
"Golden Tate","2018","274","29.6%","19.0%","64.2%","3.7%"
"Jarvis Landry","2018","278","30.9%","16.9%","54.7%","5.8%"
"John Brown","2018","276","24.3%","10.5%","43.3%","4.5%"
"JuJu Smith-Schuster","2018","361","29.1%","17.7%","61.0%","2.9%"
"Julian Edelman","2018","267","28.8%","18.7%","64.9%","7.8%"
"Julio Jones","2018","297","33.0%","19.5%","59.2%","7.1%"
"Keenan Allen","2018","274","33.9%","22.6%","66.7%","2.2%"
"Keke Coutee*","2018","166","24.1%","17.5%","72.5%","10.0%"
"Kenny Golladay","2018","287","22.6%","13.6%","60.0%","3.1%"
"Kenny Stills","2018","288","16.0%","8.7%","54.3%","4.3%"
"Larry Fitzgerald","2018","281","24.6%","14.9%","60.9%","1.4%"
"Marvin Jones","2018","281","21.0%","11.7%","55.9%","1.7%"
"Michael Thomas","2018","273","35.9%","28.2%","78.6%","4.1%"
"Mike Evans","2018","323","22.9%","11.1%","48.6%","5.4%"
"Mike Williams","2018","220","17.7%","12.3%","69.2%","5.1%"
"Mohamed Sanu","2018","273","20.5%","13.6%","66.1%","5.4%"
"Odell Beckham","2018","339","26.8%","15.9%","59.3%","0.0%"
"Robby Anderson","2018","240","27.5%","14.6%","53.0%","3.0%"
"Robert Woods","2018","246","27.6%","17.1%","61.8%","1.5%"
"Sammy Watkins","2018","255","22.7%","15.3%","67.2%","1.7%"
"Stefon Diggs","2018","345","26.1%","18.8%","72.2%","1.1%"
"Sterling Shepard","2018","281","19.2%","13.5%","70.4%","1.9%"
"T.Y. Hilton","2018","280","23.9%","14.3%","59.7%","4.5%"
"Tyler Boyd","2018","292","25.0%","18.2%","72.6%","4.1%"
"Tyler Lockett","2018","239","16.7%","12.1%","72.5%","0.0%"
"Tyreek Hill","2018","302","25.2%","15.6%","61.8%","2.6%"
"Will Fuller*","2018","225","21.8%","14.2%","65.3%","0.0%"
"A.J. Green","2017","249","34.1%","16.9%","49.4%","4.7%"
"Adam Thielen","2017","261","31.4%","19.9%","63.4%","3.7%"
"Allen Hurns","2017","252","20.6%","13.5%","65.4%","3.8%"
"Alshon Jeffery","2017","268","22.8%","11.9%","52.5%","6.6%"
"Amari Cooper","2017","284","23.6%","10.2%","43.3%","9.0%"
"Antonio Brown","2017","333","32.7%","18.0%","55.0%","2.8%"
"Brandin Cooks","2017","295","20.3%","10.5%","51.7%","3.3%"
"Chris Hogan","2017","261","19.2%","11.5%","60.0%","2.0%"
"Cooper Kupp","2017","252","23.0%","15.1%","65.5%","5.2%"
"Corey Davis","2017","252","22.2%","11.5%","51.8%","3.6%"
"Davante Adams","2017","285","26.3%","14.4%","54.7%","4.0%"
"DeAndre Hopkins","2017","316","32.9%","17.4%","52.9%","3.8%"
"Demaryius Thomas","2017","279","28.7%","16.1%","56.3%","3.8%"
"DeSean Jackson","2017","270","23.3%","12.2%","52.4%","0.0%"
"DeVante Parker","2017","286","22.4%","12.9%","57.8%","3.1%"
"Devin Funchess","2017","253","24.9%","13.8%","55.6%","6.3%"
"Dez Bryant","2017","262","26.3%","12.2%","46.4%","7.2%"
"Doug Baldwin","2017","285","21.8%","14.0%","64.5%","0.0%"
"Emmanuel Sanders","2017","292","25.7%","12.7%","49.3%","10.7%"
"Golden Tate","2017","273","22.3%","17.9%","80.3%","3.3%"
"Jamison Crowder","2017","235","24.3%","15.7%","64.9%","0.0%"
"Jarvis Landry","2017","272","30.5%","22.1%","72.3%","3.6%"
"Jordy Nelson","2017","278","22.3%","12.9%","58.1%","1.6%"
"Josh Doctson","2017","267","19.1%","8.2%","43.1%","7.8%"
"Josh Gordon*","2017","166","26.5%","11.4%","43.2%","2.3%"
"JuJu Smith-Schuster","2017","234","21.8%","17.5%","80.4%","3.9%"
"Julio Jones","2017","222","36.5%","23.0%","63.0%","8.6%"
"Keelan Cole","2017","257","22.2%","12.8%","57.9%","5.3%"
"Keenan Allen","2017","262","34.7%","22.9%","65.9%","4.4%"
"Kelvin Benjamin","2017","232","22.0%","13.8%","62.7%","7.8%"
"Kenny Golladay","2017","250","17.6%","9.2%","52.3%","4.5%"
"Kenny Stills","2017","288","20.5%","11.1%","54.2%","3.4%"
"Larry Fitzgerald","2017","330","25.5%","19.1%","75.0%","3.6%"
"Marqise Lee","2017","268","24.3%","13.4%","55.4%","10.8%"
"Marquise Goodwin","2017","288","27.1%","12.2%","44.9%","6.4%"
"Marvin Jones","2017","291","22.0%","11.0%","50.0%","4.7%"
"Michael Crabtree","2017","225","32.9%","18.2%","55.4%","5.4%"
"Michael Thomas","2017","234","33.8%","24.4%","72.2%","1.3%"
"Mike Evans","2017","276","25.4%","12.3%","48.6%","2.9%"
"Nelson Agholor","2017","256","25.0%","16.4%","65.6%","7.8%"
"Paul Richardson","2017","274","16.4%","9.1%","55.6%","13.3%"
"Pierre Garcon","2017","271","26.2%","16.2%","62.0%","2.8%"
"Randall Cobb","2017","229","24.9%","16.2%","64.9%","1.8%"
"Rishard Matthews","2017","241","24.5%","15.4%","62.7%","5.1%"
"Robby Anderson","2017","271","26.2%","14.8%","56.3%","5.6%"
"Robert Woods","2017","246","23.6%","14.6%","62.1%","1.7%"
"Sammy Watkins","2017","258","19.0%","8.9%","46.9%","4.1%"
"Stefon Diggs","2017","229","26.2%","18.3%","70.0%","5.0%"
"Sterling Shepard","2017","343","21.0%","14.9%","70.8%","8.3%"
"T.Y. Hilton","2017","282","23.4%","13.1%","56.1%","6.1%"
"Tyler Lockett","2017","273","17.9%","12.1%","67.3%","0.0%"
"Tyreek Hill","2017","247","23.9%","16.6%","69.5%","3.4%"
"Will Fuller","2017","285","17.9%","8.4%","47.1%","5.9%"
"A.J. Green","2016","236","29.7%","19.5%","65.7%","1.4%"
"Adam Thielen","2016","292","20.2%","13.4%","66.1%","1.7%"
"Allen Robinson","2016","329","24.6%","12.2%","49.4%","9.9%"
"Alshon Jeffery","2016","268","26.5%","12.3%","46.5%","2.8%"
"Amari Cooper","2016","307","27.0%","16.3%","60.2%","1.2%"
"Antonio Brown","2016","308","35.4%","22.8%","68.5%","3.0%"
"Brandin Cooks","2016","289","18.7%","12.1%","64.8%","1.9%"
"Brandon Marshall","2016","282","28.7%","12.8%","44.4%","6.2%"
"Cameron Meredith","2016","290","26.6%","17.2%","64.9%","3.9%"
"Chris Conley","2016","279","15.8%","8.2%","52.3%","6.8%"
"Corey Coleman","2016","281","21.7%","8.9%","41.0%","4.9%"
"Davante Adams","2016","303","24.8%","13.5%","54.7%","1.3%"
"DeAndre Hopkins","2016","308","27.9%","13.3%","47.7%","4.7%"
"Demaryius Thomas","2016","250","35.2%","22.4%","63.6%","6.8%"
"DeSean Jackson","2016","237","21.1%","13.1%","62.0%","2.0%"
"DeVante Parker","2016","223","26.0%","17.0%","65.5%","0.0%"
"Dez Bryant","2016","252","28.6%","15.5%","54.2%","4.2%"
"Donte Moncrief","2016","282","19.1%","10.3%","53.7%","11.1%"
"Doug Baldwin","2016","234","21.8%","16.2%","74.5%","3.9%"
"Emmanuel Sanders","2016","302","30.1%","17.5%","58.2%","3.3%"
"Golden Tate","2016","286","21.7%","15.0%","69.4%","3.2%"
"Jamison Crowder","2016","271","21.4%","14.4%","67.2%","5.2%"
"Jarvis Landry","2016","252","29.0%","20.2%","69.9%","4.1%"
"Jeremy Maclin","2016","275","22.9%","12.7%","55.6%","3.2%"
"John Brown","2016","251","23.5%","12.7%","54.2%","1.7%"
"Jordan Matthews","2016","308","26.3%","15.9%","60.5%","6.2%"
"Jordy Nelson","2016","315","26.3%","16.5%","62.7%","6.0%"
"Julian Edelman","2016","272","29.0%","18.4%","63.3%","2.5%"
"Julio Jones","2016","249","32.5%","19.3%","59.3%","6.2%"
"Kelvin Benjamin","2016","256","23.4%","12.9%","55.0%","3.3%"
"Kenny Britt","2016","245","26.5%","16.7%","63.1%","1.5%"
"Larry Fitzgerald","2016","320","26.6%","17.2%","64.7%","2.4%"
"Michael Crabtree","2016","229","21.8%","14.8%","68.0%","4.0%"
"Michael Thomas","2016","274","25.2%","19.7%","78.3%","2.9%"
"Mike Evans","2016","289","32.5%","18.0%","55.3%","3.2%"
"Mike Wallace","2016","238","23.9%","13.0%","54.4%","5.3%"
"Odell Beckham","2016","298","29.9%","16.4%","55.1%","4.5%"
"Pierre Garcon","2016","246","23.2%","14.6%","63.2%","3.5%"
"Quincy Enunwa","2016","243","21.0%","10.7%","51.0%","11.8%"
"Randall Cobb","2016","297","21.9%","14.8%","67.7%","1.5%"
"Rishard Matthews","2016","226","29.7%","17.7%","59.7%","4.5%"
"Stefon Diggs","2016","272","27.2%","20.6%","75.7%","2.7%"
"Sterling Shepard","2016","325","16.9%","10.2%","60.0%","5.5%"
"T.Y. Hilton","2016","335","27.2%","14.6%","53.8%","5.5%"
"Terrelle Pryor","2016","278","27.3%","14.4%","52.6%","5.3%"
"Tyreek Hill","2016","180","31.7%","23.9%","75.4%","3.5%"
"Tyrell Williams","2016","311","23.8%","13.5%","56.8%","8.1%"
"Willie Snead","2016","235","22.6%","16.6%","73.6%","7.5%"
"Tyler Lockett","2016","250","20.0%","11.2%","56.0%","6.0%"
"A.J. Green","2015","236","29.7%","19.5%","65.7%","1.4%"
"Albert Wilson","2015","199","17.6%","9.0%","51.4%","5.7%"
"Allen Robinson","2015","278","24.8%","13.3%","53.6%","4.3%"
"Amari Cooper","2015","258","26.0%","13.2%","50.7%","14.9%"
"Anquan Boldin","2015","247","23.1%","13.4%","57.9%","3.5%"
"Brandin Cooks","2015","304","22.0%","13.8%","62.7%","6.0%"
"Bruce Ellington","2015","77","16.9%","11.7%","69.2%","7.7%"
"Calvin Johnson","2015","269","25.7%","16.0%","62.3%","1.4%"
"DeSean Jackson","2015","237","21.1%","13.1%","62.0%","2.0%"
"DeVante Parker","2015","262","17.6%","8.8%","50.0%","8.7%"
"Devin Funchess","2015","154","28.6%","15.6%","54.5%","4.5%"
"Donte Moncrief","2015","252","21.0%","11.1%","52.8%","3.8%"
"Dorial Green-Beckham","2015","258","19.0%","10.1%","53.1%","8.2%"
"Doug Baldwin","2015","234","21.8%","16.2%","74.5%","3.9%"
"Eric Decker","2015","268","27.2%","16.8%","61.6%","2.7%"
"Golden Tate","2015","286","21.7%","15.0%","69.4%","3.2%"
"Jamison Crowder","2015","240","18.3%","12.9%","70.5%","4.5%"
"John Brown","2015","285","21.4%","12.6%","59.0%","6.6%"
"Kamar Aiken","2015","275","20.4%","12.0%","58.9%","1.8%"
"Keenan Allen","2015","298","31.2%","23.2%","74.2%","5.4%"
"Martavis Bryant","2015","285","26.2%","14.7%","56.0%","8.0%"
"Marvin Jones","2015","211","25.1%","15.6%","62.3%","3.8%"
"Mike Evans","2015","280","33.6%","16.4%","48.9%","13.8%"
"Nelson Agholor","2015","256","11.7%","5.5%","46.7%","13.3%"
"Sammy Watkins","2015","238","29.4%","17.2%","58.6%","5.7%"
"Stefon Diggs","2015","237","24.5%","15.2%","62.1%","3.4%"
"Torrey Smith","2015","216","15.3%","8.3%","54.5%","6.1%"
"Travis Benjamin","2015","257","21.8%","12.8%","58.9%","1.8%"
"Tyler Lockett","2015","205","18.0%","13.7%","75.7%","2.7%"
"Willie Snead","2015","262","22.1%","14.1%","63.8%","3.4%"
"Allen Robinson","2014","233","25.8%","15.0%","58.3%","3.3%"
"Andre Johnson","2014","278","30.9%","16.9%","54.7%","4.7%"
"Antonio Brown","2014","308","31.8%","20.5%","63.3%","6.1%"
"Brandin Cooks","2014","260","20.4%","15.0%","73.6%","1.9%"
"Charles Johnson","2014","223","22.4%","12.1%","54.0%","4.0%"
"Davante Adams","2014","279","17.6%","10.0%","57.1%","6.1%"
"Demaryius Thomas","2014","250","35.2%","22.4%","63.6%","6.8%"
"Dez Bryant","2014","252","28.6%","15.5%","54.2%","4.2%"
"Donte Moncrief","2014","160","25.0%","15.0%","60.0%","5.0%"
"Dwayne Bowe","2014","223","22.4%","15.2%","68.0%","6.0%"
"Jarvis Landry","2014","223","28.3%","20.6%","73.0%","3.2%"
"John Brown","2014","222","28.4%","12.2%","42.9%","4.8%"
"Jordan Matthews","2014","218","25.2%","16.5%","65.5%","7.3%"
"Justin Hunter","2014","255","16.1%","6.7%","41.5%","9.8%"
"Kelvin Benjamin","2014","260","29.2%","13.1%","44.7%","10.5%"
"Kenny Stills","2014","234","20.1%","14.1%","70.2%","4.3%"
"Marqise Lee","2014","267","21.3%","11.2%","52.6%","12.3%"
"Martavis Bryant","2014","152","28.9%","15.1%","52.3%","11.4%"
"Michael Crabtree","2014","229","21.8%","14.8%","68.0%","4.0%"
"Mike Evans","2014","289","27.3%","14.2%","51.9%","2.5%"
"Mike Wallace","2014","238","23.9%","13.0%","54.4%","5.3%"
"Odell Beckham","2014","297","32.7%","20.5%","62.9%","2.1%"
"Paul Richardson","2014","177","20.3%","13.0%","63.9%","2.8%"
"Percy Harvin","2014","199","25.6%","18.1%","70.6%","5.9%"
"Randall Cobb","2014","245","26.1%","19.6%","75.0%","4.7%"
"Sammy Watkins","2014","297","24.2%","12.8%","52.8%","1.4%"
"Stevie Johnson","2014","170","23.5%","15.9%","67.5%","5.0%"